dataset,scale,instances,ours_feasible_rate_pct,avg_vehicle_gap_vs_ortools,avg_distance_gap_vs_ortools_pct,std_distance_gap_vs_ortools_pct,median_distance_gap_vs_ortools_pct,avg_distance_gap_vs_bks_pct,avg_runtime_sec,std_runtime_sec,paired_feasible_instances,hard_violation_rows
li-lim,large,104,100.0,0.08653846153846154,2.0760020551666494,1.5178521048710514,1.6619723505340498,,56.17075961538462,2.8309129698076365,104,0
li-lim,medium,177,100.0,0.056818181818181816,1.4094162882351262,2.1976619995191413,0.6427301582232624,,53.38766666666667,6.939409900628395,176,0
li-lim,small,73,80.82191780821918,0.11864406779661017,1.6611282331461112,6.11216649692559,0.0,1.3235201498378482,45.02213698630137,15.561388776315589,59,0
solomon,small,6,100.0,-1.8333333333333333,3.5801957002997797,5.613334605659696,0.5466065143689016,0.055243853645936675,60.57983333333333,0.14426145246276456,6,0
